OPERATION,CDC_TIMESTAMP,UNID,SOURCE_ID,SOURCE_CATALOG,LASTUPDATE,EVENT_TIME,FLYNN_REGION,LAT,LON,DEPTH,EVTYPE,AUTH,MAG,MAGTYPE,ACTION,RECEIVED_AT,INGESTED_AT
u,2026-08-19 19:45:50.297,20260819_0000482,2047531,EMSC-RTS,2026-08-19 19:45:44.840,2026-08-19 16:17:41.950,"FLORES REGION, INDONESIA",-8.177,120.611,27.4,ke,GFZ,5.5,mw,update,2026-08-19 19:45:50.131,2026-08-19 09:24:15.683
c,2026-08-19 18:04:00.999,20260724_0000440,2047622,EMSC-RTS,2026-08-19 18:03:59.007,2026-07-24 20:17:51.148,"MAUG ISLANDS REG, N. MARIANA IS.",19.4983,145.7152,167.1,ke,NEIC,4.1,mb,create,2026-08-19 18:04:00.790,2026-08-19 11:12:44.887
c,2026-08-19 20:07:36.945,20260819_0000616,2047714,EMSC-RTS,2026-08-19 20:07:33.253,2026-08-19 20:00:38.000,"FLORES REGION, INDONESIA",-8.2,120.56,19.0,ke,BMKG,2.9,m,create,2026-08-19 20:07:36.651,2026-08-19 13:07:46.319
c,2026-08-19 19:49:34.509,20260819_0000601,2047697,EMSC-RTS,2026-08-19 19:49:32.277,2026-08-19 19:44:27.000,"FLORES REGION, INDONESIA",-8.2,120.5,9.0,ke,BMKG,3.5,m,create,2026-08-19 19:49:34.109,2026-08-19 12:49:41.159
c,2026-08-19 17:35:37.631,20260819_0000520,2047597,EMSC-RTS,2026-08-19 17:35:35.897,2026-08-19 17:30:19.000,"FLORES REGION, INDONESIA",-8.18,120.51,5.0,ke,BMKG,2.9,m,create,2026-08-19 17:35:37.146,2026-08-19 10:35:46.445
c,2026-08-19 18:45:48.380,20260819_0000565,2047657,EMSC-RTS,2026-08-19 18:45:45.663,2026-08-19 18:43:09.203,NEVADA,38.4613,-116.539,15.9,ke,NN,2.2,ml,create,2026-08-19 18:45:48.076,2026-08-19 11:45:54.547
c,2026-08-19 16:56:39.800,20260819_0000499,2047561,EMSC-RTS,2026-08-19 16:56:37.402,2026-08-19 16:52:16.000,"FLORES REGION, INDONESIA",-8.17,120.57,10.0,ke,BMKG,3.5,m,create,2026-08-19 16:56:39.307,2026-08-19 09:57:00.613
u,2026-08-19 18:23:38.084,20260819_0000549,2047636,EMSC-RTS,2026-08-19 18:23:29.137,2026-08-19 18:09:38.940,WESTERN TURKEY,40.7892,29.081,10.1,ke,EMSC,1.9,ml,update,2026-08-19 18:23:37.603,2026-08-19 11:25:05.858
u,2026-08-19 19:37:55.614,20260818_0000704,2046788,EMSC-RTS,2026-08-19 19:37:51.626,2026-08-18 20:25:38.330,SOUTHERN CALIFORNIA,33.3117,-115.4593,9.0,ke,SCSN,2.4,ml,update,2026-08-19 19:37:55.131,2026-08-19 12:38:00.900
u,2026-08-19 17:07:42.079,20260819_0000504,2047567,EMSC-RTS,2026-08-19 17:07:34.001,2026-08-19 16:54:13.000,"FLORES REGION, INDONESIA",-8.13,120.72,5.0,ke,BMKG,2.5,m,update,2026-08-19 17:07:41.655,2026-08-19 10:00:49.319
u,2026-08-19 19:49:11.217,20260819_0000577,2047591,EMSC-RTS,2026-08-19 19:49:07.315,2026-08-19 17:19:34.166,"MINDANAO, PHILIPPINES",5.8923,126.6639,10.0,ke,NEIC,4.8,mb,update,2026-08-19 19:49:10.890,2026-08-19 12:00:59.539
u,2026-08-19 18:35:56.997,20260819_0000556,2047647,EMSC-RTS,2026-08-19 18:35:47.418,2026-08-19 17:25:35.000,"TRIPURA, INDIA REGION",23.428,91.123,18.0,ke,NDI,2.8,m,update,2026-08-19 18:35:56.770,2026-08-19 11:28:55.378
u,2026-08-19 16:49:38.755,20260819_0000495,2047553,EMSC-RTS,2026-08-19 16:49:33.700,2026-08-19 16:45:49.000,"FLORES REGION, INDONESIA",-8.14,120.64,5.0,ke,BMKG,3.3,m,update,2026-08-19 16:49:38.479,2026-08-19 09:49:48.823
c,2026-08-19 18:36:16.761,20260819_0000560,2047652,EMSC-RTS,2026-08-19 18:36:10.299,2026-08-19 18:29:26.000,"OFFSHORE O'HIGGINS, CHILE",-34.46,-72.08,18.7,ke,CSN,2.5,ml,create,2026-08-19 18:36:16.286,2026-08-19 11:36:31.055
c,2026-08-19 17:28:37.101,20260819_0000517,2047592,EMSC-RTS,2026-08-19 17:28:32.889,2026-08-19 17:17:31.000,FLORES SEA,-7.92,120.47,10.0,ke,BMKG,3.6,m,create,2026-08-19 17:28:36.856,2026-08-19 10:28:48.593
c,2026-08-19 18:49:35.603,20260819_0000566,2047659,EMSC-RTS,2026-08-19 18:49:33.578,2026-08-19 18:43:57.000,"FLORES REGION, INDONESIA",-8.25,120.54,13.0,ke,BMKG,2.8,m,create,2026-08-19 18:49:35.589,2026-08-19 11:49:42.798
c,2026-08-19 17:45:53.694,20260819_0000525,2047606,EMSC-RTS,2026-08-19 17:45:51.406,2026-08-19 10:20:23.400,NEW MEXICO,32.007,-103.229,7.5,ke,TX,2.0,ml,create,2026-08-19 17:45:53.626,2026-08-19 10:52:47.295
c,2026-08-19 16:56:40.307,20260819_0000500,2047562,EMSC-RTS,2026-08-19 16:56:37.412,2026-08-19 16:50:00.000,"FLORES REGION, INDONESIA",-8.66,120.71,34.0,ke,BMKG,3.1,m,create,2026-08-19 16:56:39.986,2026-08-19 09:59:07.420
c,2026-08-19 17:52:15.272,20260818_0000113,2046097,EMSC-RTS,2026-08-19 17:52:12.384,2026-08-18 03:33:44.240,WESTERN TEXAS,31.689,-104.418,6.1,ke,TX,2.2,ml,update,2026-08-19 17:52:15.263,2026-08-19 10:53:32.444
c,2026-08-19 19:35:43.163,20260819_0000595,2047691,EMSC-RTS,2026-08-19 19:35:36.301,2026-08-19 19:24:52.000,"FLORES REGION, INDONESIA",-8.16,120.48,3.0,ke,BMKG,3.8,m,create,2026-08-19 19:35:42.697,2026-08-19 12:35:51.072
c,2026-08-19 16:56:44.868,20260819_0000503,2047565,EMSC-RTS,2026-08-19 16:56:37.438,2026-08-19 16:47:42.000,"FLORES REGION, INDONESIA",-8.2,120.49,10.0,ke,BMKG,3.5,m,create,2026-08-19 16:56:44.504,2026-08-19 09:59:07.420
c,2026-08-19 17:14:41.586,20260819_0000510,2047576,EMSC-RTS,2026-08-19 17:14:35.309,2026-08-19 17:05:07.000,"FLORES REGION, INDONESIA",-8.28,121.56,3.0,ke,BMKG,3.1,m,create,2026-08-19 17:14:41.218,2026-08-19 10:14:53.163
c,2026-08-19 17:36:08.030,20260819_0000522,2047599,EMSC-RTS,2026-08-19 17:36:06.319,2026-08-19 17:26:31.700,"DODECANESE ISLANDS, GREECE",35.6957,27.8828,9.4,ke,KOERI,2.3,ml,create,2026-08-19 17:36:07.689,2026-08-19 10:36:16.550
c,2026-08-19 18:21:44.089,20260819_0000551,2047639,EMSC-RTS,2026-08-19 18:21:35.111,2026-08-19 18:16:58.000,FLORES SEA,-7.83,120.49,16.0,ke,BMKG,2.8,m,create,2026-08-19 18:21:43.602,2026-08-19 11:25:05.858
u,2026-08-19 18:28:39.722,20260819_0000550,2047638,EMSC-RTS,2026-08-19 18:28:35.373,2026-08-19 18:19:07.000,"FLORES REGION, INDONESIA",-8.29,120.58,10.0,ke,BMKG,2.8,m,update,2026-08-19 18:28:39.222,2026-08-19 11:25:05.858
c,2026-08-19 18:32:22.598,20260819_0000557,2047649,EMSC-RTS,2026-08-19 18:32:13.774,2026-08-19 18:25:39.477,SWITZERLAND,46.5196,8.4083,62.7,ke,ETHZ,2.7,ml,create,2026-08-19 18:32:22.379,2026-08-19 11:32:25.755
c,2026-08-19 19:15:22.795,20260819_0000584,2047676,EMSC-RTS,2026-08-19 19:15:20.638,2026-08-19 19:09:20.000,"MENDOZA, ARGENTINA",-32.84,-69.18,10.0,ke,NSNA,2.9,m,create,2026-08-19 19:15:22.543,2026-08-19 12:15:28.649
u,2026-08-19 19:54:37.866,20260819_0000605,2047700,EMSC-RTS,2026-08-19 19:54:35.163,2026-08-19 19:11:15.950,"FOX ISLANDS, ALEUTIAN ISLANDS",52.8592,-169.7305,1.6,ke,AV,2.0,ml,update,2026-08-19 19:54:37.728,2026-08-19 12:53:13.406
c,2026-08-19 16:58:15.558,20260728_0000202,2033701,EMSC-RTS,2026-08-19 16:58:12.586,2026-07-28 10:09:38.140,"KYUSHU, JAPAN",32.441,130.6832,10.0,ke,NEIC,4.1,m,update,2026-08-19 16:58:15.196,2026-08-19 09:59:26.067
c,2026-08-19 18:13:05.672,20260819_0000540,2047478,EMSC-RTS,2026-08-19 18:13:01.665,2026-08-19 14:41:15.490,CENTRAL TURKEY,38.2326,37.7404,17.9,ke,EMSC,1.6,ml,create,2026-08-19 18:13:05.234,2026-08-19 11:18:33.109
c,2026-08-19 17:21:41.635,20260819_0000515,2047584,EMSC-RTS,2026-08-19 17:21:33.916,2026-08-19 17:10:35.000,FLORES SEA,-7.82,120.49,5.0,ke,BMKG,2.8,m,create,2026-08-19 17:21:41.622,2026-08-19 10:21:49.541
u,2026-08-19 17:21:40.116,20260819_0000514,2047583,EMSC-RTS,2026-08-19 17:21:33.903,2026-08-19 17:13:50.000,"FLORES REGION, INDONESIA",-8.42,121.52,15.0,ke,BMKG,2.5,m,update,2026-08-19 17:21:40.080,2026-08-19 10:21:49.541
c,2026-08-19 17:07:40.053,20260819_0000507,2047572,EMSC-RTS,2026-08-19 17:07:33.993,2026-08-19 16:59:21.000,"FLORES REGION, INDONESIA",-8.18,120.55,3.0,ke,BMKG,3.3,m,create,2026-08-19 17:07:39.970,2026-08-19 10:08:08.001
u,2026-08-19 19:02:55.410,20260819_0000570,2047663,EMSC-RTS,2026-08-19 19:02:48.536,2026-08-19 18:45:29.754,FIJI REGION,-17.8049,-178.6638,556.8,ke,NEIC,5.4,mw,update,2026-08-19 19:02:54.909,2026-08-19 11:51:03.603
c,2026-08-19 20:09:12.748,20260819_0000619,2047717,EMSC-RTS,2026-08-19 20:09:10.283,2026-08-19 20:05:08.517,NEVADA,37.0654,-114.8028,16.0,ke,NN,2.6,ml,create,2026-08-19 20:09:12.612,2026-08-19 13:09:19.700
u,2026-08-19 17:14:38.544,20260819_0000508,2047574,EMSC-RTS,2026-08-19 17:14:35.292,2026-08-19 17:08:45.000,"FLORES REGION, INDONESIA",-8.23,120.53,10.0,ke,BMKG,3.1,m,update,2026-08-19 17:14:38.171,2026-08-19 10:14:45.663
c,2026-08-19 20:08:32.029,20260819_0000265,2047287,EMSC-RTS,2026-08-19 20:08:28.078,2026-08-19 09:23:07.990,"HAWAII REGION, HAWAII",18.887,-155.241,11.6,ke,HV,2.1,ml,update,2026-08-19 20:08:31.924,2026-08-19 13:08:38.453
c,2026-08-19 18:14:50.552,20260819_0000543,2047632,EMSC-RTS,2026-08-19 18:14:49.183,2026-08-19 14:23:40.000,EASTERN XIZANG,28.44,91.941,10.0,ke,NDI,2.9,m,create,2026-08-19 18:14:50.410,2026-08-19 11:24:58.612
u,2026-08-19 19:38:47.155,20260819_0000597,2047684,EMSC-RTS,2026-08-19 19:38:44.179,2026-08-19 18:59:07.510,WESTERN TURKEY,37.1148,28.7018,7.0,ke,EMSC,1.5,ml,update,2026-08-19 19:38:46.686,2026-08-19 12:38:42.437
u,2026-08-19 19:52:47.869,20260819_0000603,2047693,EMSC-RTS,2026-08-19 19:52:44.371,2026-08-19 19:28:50.850,WESTERN TURKEY,40.7733,29.1047,11.5,ke,EMSC,1.4,ml,update,2026-08-19 19:52:47.408,2026-08-19 12:52:43.459
c,2026-08-19 17:21:35.051,20260819_0000513,2047582,EMSC-RTS,2026-08-19 17:21:33.875,2026-08-19 17:16:26.000,FLORES SEA,-7.85,120.44,18.0,ke,BMKG,3.0,m,create,2026-08-19 17:21:34.993,2026-08-19 10:21:43.294
c,2026-08-19 16:49:40.275,20260819_0000496,2047554,EMSC-RTS,2026-08-19 16:49:33.709,2026-08-19 16:43:21.000,"FLORES REGION, INDONESIA",-8.22,120.55,10.0,ke,BMKG,3.3,m,create,2026-08-19 16:49:39.970,2026-08-19 09:49:48.823
c,2026-08-19 20:08:34.562,20260819_0000618,2047716,EMSC-RTS,2026-08-19 20:08:32.332,2026-08-19 19:57:54.000,NICARAGUA,12.08,-86.12,5.0,ke,INET,2.6,m,create,2026-08-19 20:08:34.316,2026-08-19 13:08:43.538
c,2026-08-19 19:47:47.076,20260819_0000600,2047696,EMSC-RTS,2026-08-19 19:47:44.292,2026-08-19 19:14:05.000,CENTRAL TURKEY,38.2225,37.7947,7.0,ke,AFAD,1.5,ml,create,2026-08-19 19:47:46.846,2026-08-19 12:47:53.432
u,2026-08-19 18:38:45.843,20260819_0000561,2047648,EMSC-RTS,2026-08-19 18:38:43.171,2026-08-19 18:24:59.180,CENTRAL TURKEY,37.767,36.0985,11.4,ke,EMSC,1.8,ml,update,2026-08-19 18:38:45.753,2026-08-19 11:38:46.681
c,2026-08-19 18:15:19.960,20260819_0000544,2047581,EMSC-RTS,2026-08-19 18:15:15.955,2026-08-19 17:18:04.417,ALASKA PENINSULA,57.9129,-155.0224,86.1,ke,NEIC,2.7,ml,create,2026-08-19 18:15:19.729,2026-08-19 11:24:58.612
c,2026-08-19 18:35:44.836,20260819_0000558,2047650,EMSC-RTS,2026-08-19 18:35:37.158,2026-08-19 18:31:05.000,"FLORES REGION, INDONESIA",-8.39,121.19,14.0,ke,BMKG,2.5,m,create,2026-08-19 18:35:44.763,2026-08-19 11:35:47.446
u,2026-08-19 19:00:47.871,20260819_0000576,2047666,EMSC-RTS,2026-08-19 19:00:45.526,2026-08-19 18:26:08.000,MYANMAR-INDIA BORDER REGION,26.81,95.294,20.0,ke,NDI,2.9,m,update,2026-08-19 19:00:47.729,2026-08-19 11:56:52.253
c,2026-08-19 19:07:36.647,20260819_0000578,2047670,EMSC-RTS,2026-08-19 19:07:34.276,2026-08-19 19:01:54.000,FLORES SEA,-7.96,120.53,8.0,ke,BMKG,2.7,m,create,2026-08-19 19:07:36.360,2026-08-19 12:07:42.507
c,2026-08-19 18:55:23.853,20260807_0000264,2039198,EMSC-RTS,2026-08-19 18:55:20.263,2026-08-07 19:32:44.050,NORTHERN CALIFORNIA,40.0165,-123.4392,9.3,ke,NC,2.2,md,update,2026-08-19 18:55:23.666,2026-08-19 11:55:30.404
c,2026-08-19 20:07:42.009,20260819_0000617,2047715,EMSC-RTS,2026-08-19 20:07:39.205,2026-08-19 19:33:50.000,WESTERN TURKEY,40.7823,29.0983,6.8,ke,AFAD,1.6,ml,create,2026-08-19 20:07:41.730,2026-08-19 13:07:52.025
c,2026-08-19 16:49:41.794,20260819_0000497,2047555,EMSC-RTS,2026-08-19 16:49:33.721,2026-08-19 16:40:57.000,"FLORES REGION, INDONESIA",-8.58,120.48,8.0,ke,BMKG,2.7,m,create,2026-08-19 16:49:41.460,2026-08-19 09:49:54.356
u,2026-08-19 19:28:41.606,20260819_0000587,2047681,EMSC-RTS,2026-08-19 19:28:35.813,2026-08-19 19:16:12.000,"FLORES REGION, INDONESIA",-8.21,120.52,5.0,ke,BMKG,2.8,m,update,2026-08-19 19:28:41.208,2026-08-19 12:21:41.656
c,2026-08-19 18:14:40.919,20260819_0000542,2047631,EMSC-RTS,2026-08-19 18:14:36.266,2026-08-19 18:04:16.000,"FLORES REGION, INDONESIA",-8.15,120.56,3.0,ke,BMKG,2.7,m,create,2026-08-19 18:14:40.794,2026-08-19 11:24:58.612
c,2026-08-19 19:21:35.957,20260819_0000588,2047682,EMSC-RTS,2026-08-19 19:21:31.995,2026-08-19 19:12:54.000,"SOUTH OF JAVA, INDONESIA",-9.0,111.25,25.0,ke,BMKG,2.8,m,create,2026-08-19 19:21:35.548,2026-08-19 12:21:46.394
c,2026-08-19 19:56:35.654,20260819_0000608,2047702,EMSC-RTS,2026-08-19 19:56:33.401,2026-08-19 19:48:13.000,"FLORES REGION, INDONESIA",-8.09,120.57,3.0,ke,BMKG,2.5,m,create,2026-08-19 19:56:35.249,2026-08-19 12:56:42.146
u,2026-08-19 19:42:48.309,20260819_0000594,2047690,EMSC-RTS,2026-08-19 19:35:36.292,2026-08-19 19:26:58.000,"KEPULAUAN TALAUD, INDONESIA",3.78,126.92,43.0,ke,BMKG,3.1,m,update,2026-08-19 19:42:48.054,2026-08-19 12:35:51.072
c,2026-08-19 20:00:39.381,20260819_0000612,2047707,EMSC-RTS,2026-08-19 20:00:37.354,2026-08-19 19:55:17.000,"FLORES REGION, INDONESIA",-8.15,120.54,10.0,ke,BMKG,3.4,m,create,2026-08-19 20:00:39.217,2026-08-19 13:00:45.849
c,2026-08-19 16:56:43.347,20260819_0000502,2047564,EMSC-RTS,2026-08-19 16:56:37.429,2026-08-19 16:48:18.000,MOLUCCA SEA,1.46,125.5,10.0,ke,BMKG,3.0,m,create,2026-08-19 16:56:43.010,2026-08-19 09:59:07.420
u,2026-08-19 18:47:13.871,20260819_0000536,2047624,EMSC-RTS,2026-08-19 18:47:11.251,2026-08-19 17:58:26.360,WESTERN TURKEY,40.774,29.0778,7.0,ke,EMSC,2.5,ml,update,2026-08-19 18:47:13.575,2026-08-19 11:47:21.707
c,2026-08-19 18:49:38.642,20260819_0000568,2047661,EMSC-RTS,2026-08-19 18:49:33.596,2026-08-19 18:35:34.000,"SULAWESI, INDONESIA",-2.05,120.66,5.0,ke,BMKG,2.5,m,create,2026-08-19 18:49:38.569,2026-08-19 11:49:48.841
c,2026-08-19 18:41:57.392,20260819_0000562,2047654,EMSC-RTS,2026-08-19 18:41:54.488,2026-08-19 18:22:11.000,CENTRAL TURKEY,37.151,36.8822,10.4,ke,AFAD,1.6,ml,create,2026-08-19 18:41:56.998,2026-08-19 11:42:03.968
c,2026-08-19 18:35:44.837,20260819_0000559,2047651,EMSC-RTS,2026-08-19 18:35:37.167,2026-08-19 18:28:38.000,"FLORES REGION, INDONESIA",-8.35,121.31,11.0,ke,BMKG,2.6,m,create,2026-08-19 18:35:44.772,2026-08-19 11:35:54.207
u,2026-08-19 17:32:46.416,20260819_0000518,2047589,EMSC-RTS,2026-08-19 17:32:44.942,2026-08-19 17:25:05.000,"COQUIMBO, CHILE",-29.85,-71.23,50.3,ke,CSN,4.2,ml,update,2026-08-19 17:32:46.342,2026-08-19 10:29:23.277
c,2026-08-19 18:01:13.325,20260819_0000535,2047620,EMSC-RTS,2026-08-19 18:01:11.435,2026-08-19 17:45:14.730,"SICILY, ITALY",38.5145,15.1125,131.3,ke,INGV,2.2,ml,create,2026-08-19 18:01:13.272,2026-08-19 11:12:44.887
c,2026-08-19 18:11:47.160,20260819_0000539,2047627,EMSC-RTS,2026-08-19 18:11:45.518,2026-08-19 17:58:15.000,"MAULE, CHILE",-35.46,-71.39,91.4,ke,CSN,2.9,ml,create,2026-08-19 18:11:46.759,2026-08-19 11:12:44.887
u,2026-08-19 17:41:03.403,20260819_0000427,2047441,EMSC-RTS,2026-08-19 14:37:54.747,2026-08-19 14:03:26.226,CENTRAL ALASKA,62.2355,-152.39,8.9,ke,NEIC,2.8,ml,update,2026-08-19 17:41:02.899,2026-08-19 07:38:07.195
c,2026-08-19 19:57:23.150,20260819_0000610,2047704,EMSC-RTS,2026-08-19 19:57:20.997,2026-08-19 19:46:03.000,NEAR COAST OF NICARAGUA,11.2,-86.77,27.0,ke,INET,3.0,m,create,2026-08-19 19:57:23.092,2026-08-19 12:57:29.701
u,2026-08-19 17:35:40.673,20260819_0000521,2047598,EMSC-RTS,2026-08-19 17:35:35.913,2026-08-19 17:25:39.000,FLORES SEA,-7.95,120.51,10.0,ke,BMKG,3.9,m,update,2026-08-19 17:35:40.292,2026-08-19 10:35:52.384
c,2026-08-19 17:42:38.142,20260819_0000523,2047602,EMSC-RTS,2026-08-19 17:42:36.800,2026-08-19 17:34:44.000,FLORES SEA,-7.81,120.5,5.0,ke,BMKG,2.9,m,create,2026-08-19 17:42:37.912,2026-08-19 10:42:46.295
c,2026-08-19 20:00:42.607,20260819_0000614,2047709,EMSC-RTS,2026-08-19 20:00:37.375,2026-08-19 19:52:20.000,"FLORES REGION, INDONESIA",-8.16,120.56,10.0,ke,BMKG,3.1,m,create,2026-08-19 20:00:42.317,2026-08-19 13:00:50.837
c,2026-08-19 16:51:57.063,20260728_0000198,2033697,EMSC-RTS,2026-08-19 16:51:54.974,2026-07-28 10:03:13.014,"KYUSHU, JAPAN",32.5942,130.7587,10.0,ke,NEIC,4.2,m,update,2026-08-19 16:51:57.040,2026-08-19 09:52:14.634
u,2026-08-19 20:05:02.510,20260819_0000604,2047699,EMSC-RTS,2026-08-19 20:04:56.803,2026-08-19 19:51:43.493,SOUTHERN ALASKA,60.029,-152.531,108.0,ke,AK,3.7,ml,update,2026-08-19 20:05:02.440,2026-08-19 12:53:05.402
c,2026-08-19 17:57:55.220,20260819_0000533,2047617,EMSC-RTS,2026-08-19 17:57:49.841,2026-08-19 16:49:43.559,"RAT ISLANDS, ALEUTIAN ISLANDS",51.726,178.919,119.9,ke,AK,3.9,ml,create,2026-08-19 17:57:54.930,2026-08-19 11:12:25.132
c,2026-08-19 18:07:48.490,20260819_0000534,2047619,EMSC-RTS,2026-08-19 18:07:41.721,2026-08-19 14:03:15.000,EASTERN XIZANG-INDIA BORDER REG.,29.583,96.172,10.0,ke,NDI,3.5,m,update,2026-08-19 18:07:48.048,2026-08-19 11:12:44.887
c,2026-08-19 20:04:22.815,20260730_0000452,2047711,EMSC-RTS,2026-08-19 20:04:20.082,2026-07-30 20:16:22.000,"PAPUA, INDONESIA",-2.6136,138.9247,36.1,ke,NEIC,4.2,mb,create,2026-08-19 20:04:22.580,2026-08-19 13:04:29.603
c,2026-08-19 17:14:40.065,20260819_0000509,2047575,EMSC-RTS,2026-08-19 17:14:35.300,2026-08-19 17:06:58.000,"FLORES REGION, INDONESIA",-8.25,120.61,10.0,ke,BMKG,2.9,m,create,2026-08-19 17:14:39.805,2026-08-19 10:14:53.163
u,2026-08-19 17:50:29.342,20260724_0000439,2047613,EMSC-RTS,2026-08-19 17:50:15.015,2026-07-24 19:40:04.749,"NEW BRITAIN REGION, P.N.G.",-6.3154,152.9661,10.0,ke,NEIC,4.1,mb,update,2026-08-19 17:50:29.243,2026-08-19 10:53:32.444
c,2026-08-19 18:42:34.566,20260819_0000563,2047655,EMSC-RTS,2026-08-19 18:42:32.423,2026-08-19 18:36:55.000,"FLORES REGION, INDONESIA",-8.21,120.54,8.0,ke,BMKG,3.2,m,create,2026-08-19 18:42:34.429,2026-08-19 11:42:41.241
u,2026-08-19 18:54:16.933,20260819_0000572,2047601,EMSC-RTS,2026-08-19 18:54:14.463,2026-08-19 17:33:17.720,WESTERN TURKEY,37.0957,28.8802,6.8,ke,EMSC,1.6,ml,update,2026-08-19 18:54:16.755,2026-08-19 11:54:16.674
c,2026-08-19 18:49:40.165,20260819_0000569,2047662,EMSC-RTS,2026-08-19 18:49:33.609,2026-08-19 17:43:44.000,MOLUCCA SEA,1.43,126.32,7.0,ke,BMKG,2.6,m,create,2026-08-19 18:49:40.009,2026-08-19 11:49:48.841
c,2026-08-19 19:07:39.687,20260819_0000580,2047672,EMSC-RTS,2026-08-19 19:07:34.293,2026-08-19 18:58:01.000,"FLORES REGION, INDONESIA",-8.21,120.53,5.0,ke,BMKG,3.6,m,create,2026-08-19 19:07:39.325,2026-08-19 12:07:47.911
c,2026-08-19 18:21:44.089,20260819_0000552,2047640,EMSC-RTS,2026-08-19 18:21:35.120,2026-08-19 18:13:45.000,FLORES SEA,-7.89,120.77,19.0,ke,BMKG,3.0,m,create,2026-08-19 18:21:43.606,2026-08-19 11:25:05.858
c,2026-08-19 19:56:37.171,20260819_0000609,2047703,EMSC-RTS,2026-08-19 19:56:33.410,2026-08-19 19:45:57.000,"KEPULAUAN TALAUD, INDONESIA",3.91,126.85,10.0,ke,BMKG,2.8,m,create,2026-08-19 19:56:36.743,2026-08-19 12:56:46.622
c,2026-08-19 18:42:36.086,20260819_0000564,2047656,EMSC-RTS,2026-08-19 18:42:32.433,2026-08-19 18:34:16.000,"FLORES REGION, INDONESIA",-8.24,120.52,7.0,ke,BMKG,4.1,m,create,2026-08-19 18:42:35.939,2026-08-19 11:42:46.807
c,2026-08-19 17:28:34.064,20260819_0000516,2047590,EMSC-RTS,2026-08-19 17:28:32.869,2026-08-19 17:20:19.000,"FLORES REGION, INDONESIA",-8.63,120.43,10.0,ke,BMKG,2.5,m,create,2026-08-19 17:28:33.921,2026-08-19 10:28:42.951
c,2026-08-19 19:28:39.572,20260819_0000591,2047686,EMSC-RTS,2026-08-19 19:28:35.806,2026-08-19 19:21:02.000,"FLORES REGION, INDONESIA",-8.19,120.57,5.0,ke,BMKG,2.6,m,create,2026-08-19 19:28:39.402,2026-08-19 12:28:51.578
c,2026-08-19 18:28:37.516,20260819_0000555,2047646,EMSC-RTS,2026-08-19 18:28:35.364,2026-08-19 18:24:29.000,FLORES SEA,-7.86,120.46,16.0,ke,BMKG,3.8,m,create,2026-08-19 18:28:37.264,2026-08-19 11:28:46.803
c,2026-08-19 16:49:32.677,20260730_0000329,2035054,EMSC-RTS,2026-08-19 16:49:26.033,2026-07-30 18:20:32.621,"OFFSHORE CHIAPAS, MEXICO",14.2669,-93.0973,8.5,ke,NEIC,5.0,mw,update,2026-08-19 16:49:32.428,2026-08-19 09:49:42.140
u,2026-08-19 19:30:30.075,20260819_0000586,2047678,EMSC-RTS,2026-08-19 19:30:27.365,2026-08-19 18:36:04.140,WESTERN TURKEY,40.781,29.0898,11.4,ke,EMSC,1.9,ml,update,2026-08-19 19:30:29.670,2026-08-19 12:15:55.601
u,2026-08-19 18:55:26.386,20260819_0000573,2047634,EMSC-RTS,2026-08-19 18:55:23.745,2026-08-19 18:05:41.320,GREECE,39.066,21.0741,22.8,ke,EMSC,2.6,ml,update,2026-08-19 18:55:26.352,2026-08-19 11:55:25.015
c,2026-08-19 17:42:39.662,20260819_0000524,2047603,EMSC-RTS,2026-08-19 17:42:36.810,2026-08-19 17:33:34.000,FLORES SEA,-7.94,120.5,12.0,ke,BMKG,2.6,m,create,2026-08-19 17:42:39.360,2026-08-19 10:42:51.952
c,2026-08-19 17:15:24.652,20260819_0000511,2047578,EMSC-RTS,2026-08-19 17:15:22.754,2026-08-19 17:04:58.800,WESTERN TURKEY,40.7745,29.1035,4.4,ke,KOERI,2.2,ml,create,2026-08-19 17:15:24.387,2026-08-19 10:15:32.745
c,2026-08-19 16:56:42.840,20260819_0000501,2047563,EMSC-RTS,2026-08-19 16:56:37.422,2026-08-19 16:49:21.000,"NEAR N COAST OF PAPUA, INDONESIA",-2.19,140.04,10.0,ke,BMKG,2.5,m,create,2026-08-19 16:56:42.334,2026-08-19 09:59:07.420
u,2026-08-19 20:08:00.430,20260819_0000606,2047645,EMSC-RTS,2026-08-19 20:07:54.964,2026-08-19 18:25:24.917,SOUTHERN ALASKA,60.096,-153.469,163.8,ke,AK,3.3,ml,update,2026-08-19 20:08:00.161,2026-08-19 12:54:19.207
c,2026-08-19 17:07:35.488,20260819_0000505,2047570,EMSC-RTS,2026-08-19 17:07:33.969,2026-08-19 17:04:04.000,"FLORES REGION, INDONESIA",-8.33,121.54,8.0,ke,BMKG,3.1,m,create,2026-08-19 17:07:35.460,2026-08-19 10:07:49.162
c,2026-08-19 19:54:41.093,20260819_0000607,2047701,EMSC-RTS,2026-08-19 19:54:38.603,2026-08-19 19:18:59.000,CENTRAL TURKEY,40.5222,32.9757,7.0,ke,AFAD,1.3,ml,create,2026-08-19 19:54:41.042,2026-08-19 12:54:49.188
c,2026-08-19 19:21:37.480,20260819_0000589,2047683,EMSC-RTS,2026-08-19 19:21:32.003,2026-08-19 19:11:18.000,"FLORES REGION, INDONESIA",-8.2,120.54,6.0,ke,BMKG,4.4,m,create,2026-08-19 19:21:37.050,2026-08-19 12:21:46.394
c,2026-08-19 19:14:35.522,20260819_0000582,2047674,EMSC-RTS,2026-08-19 19:14:33.229,2026-08-19 19:07:38.000,"FLORES REGION, INDONESIA",-8.19,120.51,7.0,ke,BMKG,4.0,m,create,2026-08-19 19:14:35.351,2026-08-19 12:14:41.661
c,2026-08-19 19:14:37.041,20260819_0000583,2047675,EMSC-RTS,2026-08-19 19:14:33.240,2026-08-19 19:05:15.000,"FLORES REGION, INDONESIA",-8.23,120.53,10.0,ke,BMKG,2.9,m,create,2026-08-19 19:14:36.797,2026-08-19 12:14:46.567
c,2026-08-19 19:42:33.914,20260819_0000599,2047695,EMSC-RTS,2026-08-19 19:42:31.856,2026-08-19 19:33:50.000,"FLORES REGION, INDONESIA",-8.12,120.59,5.0,ke,BMKG,2.9,m,create,2026-08-19 19:42:33.770,2026-08-19 12:42:40.246
c,2026-08-19 19:28:38.050,20260819_0000590,2047685,EMSC-RTS,2026-08-19 19:28:35.797,2026-08-19 19:22:28.000,FLORES SEA,-7.98,120.19,10.0,ke,BMKG,2.8,m,create,2026-08-19 19:28:37.901,2026-08-19 12:28:46.258
c,2026-08-19 19:15:25.509,20260819_0000585,2047677,EMSC-RTS,2026-08-19 19:15:23.012,2026-08-19 18:56:09.000,"OFF COAST OF CHIAPAS, MEXICO",14.057,-93.289,10.0,ke,UNM,4.4,m,create,2026-08-19 19:15:24.831,2026-08-19 12:15:34.454
c,2026-08-19 19:35:40.120,20260819_0000593,2047689,EMSC-RTS,2026-08-19 19:35:36.285,2026-08-19 19:30:00.000,"KEPULAUAN TALAUD, INDONESIA",4.23,126.91,6.0,ke,BMKG,3.0,m,create,2026-08-19 19:35:39.820,2026-08-19 12:35:51.072
c,2026-08-19 18:49:37.628,20260819_0000567,2047660,EMSC-RTS,2026-08-19 18:49:33.588,2026-08-19 18:42:15.000,FLORES SEA,-7.9,120.52,27.0,ke,BMKG,2.7,m,create,2026-08-19 18:49:37.141,2026-08-19 11:49:48.841
c,2026-08-19 20:11:59.095,20260819_0000620,2047720,EMSC-RTS,2026-08-19 20:11:55.843,2026-08-19 19:37:34.000,WESTERN TURKEY,40.7798,29.0903,7.3,ke,AFAD,1.6,ml,create,2026-08-19 20:11:58.626,2026-08-19 13:12:05.776
c,2026-08-19 17:49:43.236,20260819_0000529,2047612,EMSC-RTS,2026-08-19 17:49:35.727,2026-08-19 17:38:55.000,"FLORES REGION, INDONESIA",-8.0,120.53,10.0,ke,BMKG,3.8,m,update,2026-08-19 17:49:42.971,2026-08-19 10:53:32.444
u,2026-08-19 18:54:51.252,20260819_0000519,2047596,EMSC-RTS,2026-08-19 18:54:48.733,2026-08-19 17:33:58.840,POLAND,50.2007,19.0141,1.0,ke,EMSC,2.6,m,update,2026-08-19 18:54:51.217,2026-08-19 10:35:21.563
c,2026-08-19 17:11:34.116,20260730_0000451,2047573,EMSC-RTS,2026-08-19 17:11:32.430,2026-07-30 20:00:23.779,KERMADEC ISLANDS REGION,-28.4257,-176.7259,10.0,ke,NEIC,4.4,mb,create,2026-08-19 17:11:33.999,2026-08-19 10:11:42.923
u,2026-08-19 17:31:44.607,20260819_0000512,2047580,EMSC-RTS,2026-08-19 17:31:42.626,2026-08-19 17:14:50.150,SPAIN,37.1504,-3.6323,0.0,ke,EMSC,3.0,ml,update,2026-08-19 17:31:44.168,2026-08-19 10:16:52.596
c,2026-08-19 19:12:52.478,20260819_0000581,2047673,EMSC-RTS,2026-08-19 19:12:50.192,2026-08-19 19:05:45.000,"OFFSHORE VALPARAISO, CHILE",-32.39,-71.61,35.2,ke,CSN,2.5,ml,create,2026-08-19 19:12:52.028,2026-08-19 12:12:59.669
c,2026-08-19 20:07:35.426,20260819_0000615,2047713,EMSC-RTS,2026-08-19 20:07:33.244,2026-08-19 20:02:33.000,"FLORES REGION, INDONESIA",-8.16,120.48,10.0,ke,BMKG,3.4,m,create,2026-08-19 20:07:35.184,2026-08-19 13:07:41.999
u,2026-08-19 17:07:38.530,20260819_0000506,2047571,EMSC-RTS,2026-08-19 17:07:33.985,2026-08-19 17:00:45.000,"FLORES REGION, INDONESIA",-8.22,120.53,3.0,ke,BMKG,2.7,m,update,2026-08-19 17:07:38.434,2026-08-19 10:08:08.001
c,2026-08-19 19:35:46.203,20260819_0000596,2047692,EMSC-RTS,2026-08-19 19:35:36.324,2026-08-19 18:30:51.000,"KEPULAUAN TALAUD, INDONESIA",4.32,126.56,88.0,ke,BMKG,3.0,m,create,2026-08-19 19:35:45.981,2026-08-19 12:35:55.240
c,2026-08-19 19:49:36.030,20260819_0000602,2047698,EMSC-RTS,2026-08-19 19:49:32.286,2026-08-19 19:42:49.000,FLORES SEA,-7.89,120.7,17.0,ke,BMKG,3.0,m,create,2026-08-19 19:49:35.605,2026-08-19 12:49:46.554
c,2026-08-19 16:50:20.796,20260819_0000498,2047556,EMSC-RTS,2026-08-19 16:50:19.098,2026-08-19 16:25:09.000,"OFFSHORE GUERRERO, MEXICO",17.293,-101.15,9.2,ke,UNM,4.0,m,create,2026-08-19 16:50:20.307,2026-08-19 09:50:28.952
u,2026-08-19 18:51:31.873,20260819_0000571,2047618,EMSC-RTS,2026-08-19 18:51:29.220,2026-08-19 17:51:16.890,WESTERN TURKEY,40.7942,29.1118,9.2,ke,EMSC,1.1,ml,update,2026-08-19 18:51:31.682,2026-08-19 11:51:29.792
c,2026-08-19 19:35:38.600,20260819_0000592,2047688,EMSC-RTS,2026-08-19 19:35:36.275,2026-08-19 19:32:01.000,"FLORES REGION, INDONESIA",-8.29,120.57,27.0,ke,BMKG,3.5,m,create,2026-08-19 19:35:38.328,2026-08-19 12:35:45.544
u,2026-08-19 19:37:48.525,20260819_0000547,2047629,EMSC-RTS,2026-08-19 19:37:40.030,2026-08-19 18:07:16.800,KURIL ISLANDS,49.51,156.01,40.0,ke,GSRAS,5.4,mw,update,2026-08-19 19:37:48.149,2026-08-19 11:25:05.858
c,2026-08-19 20:00:40.900,20260819_0000613,2047708,EMSC-RTS,2026-08-19 20:00:37.364,2026-08-19 19:53:54.000,"FLORES REGION, INDONESIA",-8.19,120.59,4.0,ke,BMKG,2.9,m,create,2026-08-19 20:00:40.722,2026-08-19 13:00:50.837
u,2026-08-19 19:59:34.664,20260819_0000611,2047706,EMSC-RTS,2026-08-19 19:59:31.340,2026-08-19 19:57:22.844,WESTERN TEXAS,31.607,-104.373,0.0,ke,TX,2.2,ml,update,2026-08-19 19:59:34.174,2026-08-19 12:59:34.115
c,2026-08-19 20:14:38.122,20260819_0000621,2047721,EMSC-RTS,2026-08-19 20:14:36.129,2026-08-19 20:10:34.000,"FLORES REGION, INDONESIA",-8.26,120.54,9.0,ke,BMKG,2.5,m,create,2026-08-19 20:14:38.114,2026-08-19 13:14:44.767
c,2026-08-19 19:40:08.759,20260819_0000598,2047694,EMSC-RTS,2026-08-19 19:40:05.926,2026-08-19 19:15:24.440,"CANARY ISLANDS, SPAIN REGION",28.1665,-16.2352,15.9,ke,IGN,1.7,ml,create,2026-08-19 19:40:08.730,2026-08-19 12:40:15.690
u,2026-08-19 17:14:12.200,20260819_0000475,2047521,EMSC-RTS,2026-08-19 17:14:09.367,2026-08-19 16:08:41.100,NEW MEXICO,32.016,-103.235,5.8,ke,TX,2.0,ml,update,2026-08-19 17:14:11.816,2026-08-19 09:12:55.729
u,2026-08-19 17:16:30.527,20260819_0000462,2047508,EMSC-RTS,2026-08-19 17:16:28.211,2026-08-19 15:50:20.400,"HOKKAIDO, JAPAN REGION",41.82,143.23,50.0,ke,GSRAS,4.0,m,update,2026-08-19 17:16:30.027,2026-08-19 08:56:32.130
c,2026-08-19 17:56:37.728,20260819_0000530,2047614,EMSC-RTS,2026-08-19 17:56:36.152,2026-08-19 17:52:07.000,"FLORES REGION, INDONESIA",-8.28,120.48,17.0,ke,BMKG,2.9,m,create,2026-08-19 17:56:37.519,2026-08-19 10:59:37.886
c,2026-08-19 19:07:38.169,20260819_0000579,2047671,EMSC-RTS,2026-08-19 19:07:34.286,2026-08-19 18:59:53.000,"FLORES REGION, INDONESIA",-8.3,121.34,3.0,ke,BMKG,2.6,m,create,2026-08-19 19:07:37.840,2026-08-19 12:07:47.911
c,2026-08-19 18:23:46.189,20260819_0000554,2047644,EMSC-RTS,2026-08-19 18:23:43.866,2026-08-19 18:12:15.212,"RAT ISLANDS, ALEUTIAN ISLANDS",51.535,178.344,55.9,ke,AK,3.0,ml,create,2026-08-19 18:23:46.183,2026-08-19 11:25:05.858
c,2026-08-19 18:56:38.696,20260819_0000574,2047664,EMSC-RTS,2026-08-19 18:56:36.578,2026-08-19 18:50:05.000,"FLORES REGION, INDONESIA",-8.22,120.45,7.0,ke,BMKG,2.8,m,create,2026-08-19 18:56:38.567,2026-08-19 11:56:46.839
u,2026-08-19 18:56:42.241,20260819_0000575,2047665,EMSC-RTS,2026-08-19 18:56:36.594,2026-08-19 18:46:28.000,"FLORES REGION, INDONESIA",-8.18,120.6,5.0,ke,BMKG,3.4,m,update,2026-08-19 18:56:41.801,2026-08-19 11:56:46.839
c,2026-08-19 17:07:01.032,20260728_0000250,2033757,EMSC-RTS,2026-08-19 17:06:58.219,2026-07-28 12:26:18.097,"KYUSHU, JAPAN",32.6073,130.6922,10.0,ke,NEIC,4.6,mb,update,2026-08-19 17:07:00.742,2026-08-19 10:07:26.465
c,2026-08-19 14:57:54.555,20250819_0000454,1851713,EMSC-RTS,2026-08-19 14:57:52.857,2025-08-19 17:59:25.000,"AISEN, CHILE",-45.88,-72.92,4.8,ke,CSN,2.6,ml,update,2026-08-19 14:57:54.402,2026-08-19 07:58:02.760
c,2026-08-19 15:03:46.870,20250819_0000594,1851868,EMSC-RTS,2026-08-19 15:03:45.209,2025-08-19 23:11:50.000,"OFF COAST OF TARAPACA, CHILE",-18.23,-71.5,13.5,ke,CSN,3.0,ml,update,2026-08-19 15:03:46.777,2026-08-19 08:03:55.105
c,2026-08-19 15:17:07.386,20250820_0000509,1852472,EMSC-RTS,2026-08-19 15:17:05.433,2025-08-20 22:00:14.000,"LOS LAGOS, CHILE",-39.55,-72.47,90.0,ke,CSN,3.5,ml,update,2026-08-19 15:17:07.012,2026-08-19 08:17:15.948
u,2026-08-19 15:31:13.015,20250821_0000395,1852977,EMSC-RTS,2026-08-19 15:31:10.951,2025-08-21 17:19:25.000,"OFF COAST OF MAULE, CHILE",-35.42,-73.97,15.0,ke,CSN,3.5,ml,update,2026-08-19 15:31:12.509,2026-08-19 08:25:03.725
c,2026-08-19 16:30:26.503,20250829_0000025,1857326,EMSC-RTS,2026-08-19 16:30:24.883,2025-08-29 01:01:42.000,"ANTOFAGASTA, CHILE",-21.75,-68.44,124.4,ke,CSN,2.5,ml,update,2026-08-19 16:30:26.407,2026-08-19 09:30:34.734
c,2026-08-19 16:37:41.420,20260724_0000438,2047543,EMSC-RTS,2026-08-19 16:37:38.412,2026-07-24 19:20:59.656,FIJI REGION,-20.973,-178.16,474.7,ke,NEIC,4.4,mb,create,2026-08-19 16:37:41.407,2026-08-19 09:37:59.808
c,2026-08-19 14:45:35.622,20260727_0000432,2033255,EMSC-RTS,2026-08-19 14:45:33.072,2026-07-27 08:22:15.042,"RAT ISLANDS, ALEUTIAN ISLANDS",51.8336,176.2572,10.0,ke,NEIC,3.3,ml,update,2026-08-19 14:45:35.229,2026-08-19 07:45:44.787
c,2026-08-19 16:12:01.714,20260728_0000493,2034225,EMSC-RTS,2026-08-19 16:11:59.231,2026-07-28 10:55:08.337,"ANDREANOF ISLANDS, ALEUTIAN IS.",51.5654,-173.826,10.0,ke,NEIC,2.8,ml,update,2026-08-19 16:12:01.582,2026-08-19 09:12:19.157
c,2026-08-19 14:49:57.130,20260728_0000494,2034029,EMSC-RTS,2026-08-19 14:49:54.899,2026-07-28 12:22:39.009,"ANDREANOF ISLANDS, ALEUTIAN IS.",51.6897,-173.7501,10.0,ke,NEIC,2.7,ml,update,2026-08-19 14:49:56.978,2026-08-19 07:50:04.415
c,2026-08-19 15:53:32.912,20260730_0000450,2047507,EMSC-RTS,2026-08-19 15:53:31.070,2026-07-30 17:50:13.488,FIJI REGION,-15.1892,-177.5041,373.5,ke,NEIC,4.4,mb,create,2026-08-19 15:53:32.763,2026-08-19 08:54:05.874
c,2026-08-19 15:02:39.971,20260813_0000264,2042290,EMSC-RTS,2026-08-19 15:02:38.146,2026-08-13 18:53:22.960,SPAIN,37.3531,-1.9896,10.0,ke,EMSC,3.0,ml,update,2026-08-19 15:02:39.578,2026-08-19 08:02:48.147
u,2026-08-19 14:03:49.394,20260818_0000875,2047438,EMSC-RTS,2026-08-19 14:03:47.100,2026-08-18 07:07:16.382,"OFFSHORE VARGAS, VENEZUELA",10.6791,-67.0068,17.4,ke,NEIC,3.8,mb,update,2026-08-19 14:03:49.176,2026-08-19 07:00:49.865
c,2026-08-19 15:00:05.290,20260818_0000474,2046502,EMSC-RTS,2026-08-19 15:00:03.630,2026-08-18 12:18:12.630,"CRETE, GREECE",34.4678,26.0239,9.6,ke,EMSC,3.5,ml,update,2026-08-19 15:00:05.061,2026-08-19 08:00:15.203
u,2026-08-19 13:05:08.471,20260818_0000582,2046645,EMSC-RTS,2026-08-19 13:05:05.606,2026-08-18 16:33:09.459,NEW MEXICO,32.013,-103.238,6.4,ke,TX,2.1,ml,update,2026-08-19 13:05:08.302,2026-08-19 06:15:45.679
u,2026-08-19 13:18:28.785,20260818_0000584,2046648,EMSC-RTS,2026-08-19 13:18:26.290,2026-08-18 16:42:04.017,NEW MEXICO,32.01,-103.241,6.1,ke,TX,2.0,ml,update,2026-08-19 13:18:28.553,2026-08-19 06:18:38.945
u,2026-08-19 15:02:58.210,20260818_0000644,2046715,EMSC-RTS,2026-08-19 15:02:56.431,2026-08-18 18:21:50.340,CENTRAL MEDITERRANEAN SEA,35.9433,12.9336,10.1,ke,EMSC,4.1,ml,update,2026-08-19 15:02:57.877,2026-08-19 08:03:07.277
c,2026-08-19 12:36:28.190,20260818_0000874,2047399,EMSC-RTS,2026-08-19 12:36:26.634,2026-08-18 19:02:16.000,"SAN JUAN, ARGENTINA",-31.246,-68.164,99.0,ke,NSNA,2.6,m,create,2026-08-19 12:36:27.771,2026-08-19 06:15:45.679
c,2026-08-19 16:20:02.763,20260819_0000064,2047037,EMSC-RTS,2026-08-19 16:20:00.870,2026-08-19 02:25:04.050,POLAND,51.426,16.0073,1.0,ke,EMSC,2.8,m,update,2026-08-19 16:20:02.597,2026-08-19 09:20:13.630
c,2026-08-19 14:22:19.210,20260819_0000412,2047451,EMSC-RTS,2026-08-19 14:22:17.894,2026-08-19 02:57:26.000,"BRITISH COLUMBIA, CANADA",52.7912,-127.2569,5.0,ke,CN,2.8,m,create,2026-08-19 14:22:19.202,2026-08-19 07:22:28.113
c,2026-08-19 14:15:04.401,20260819_0000125,2047108,EMSC-RTS,2026-08-19 14:15:01.427,2026-08-19 03:09:39.421,WYOMING,43.5143,-110.7726,8.2,ke,NEIC,2.1,ml,update,2026-08-19 14:15:04.066,2026-08-19 07:15:22.391
u,2026-08-19 15:00:20.526,20260819_0000385,2047128,EMSC-RTS,2026-08-19 15:00:19.008,2026-08-19 04:51:47.630,"ANTOFAGASTA, CHILE",-21.0414,-68.4683,123.0,ke,EMSC,4.5,ml,update,2026-08-19 15:00:20.431,2026-08-19 06:22:46.953
c,2026-08-19 15:03:14.936,20260819_0000162,2047149,EMSC-RTS,2026-08-19 15:03:13.228,2026-08-19 05:22:25.460,"NORTHERN QINGHAI, CHINA",37.8637,95.5362,13.4,ke,EMSC,4.7,mb,update,2026-08-19 15:03:14.746,2026-08-19 08:03:24.353
u,2026-08-19 14:50:15.370,20260819_0000181,2047181,EMSC-RTS,2026-08-19 06:33:02.707,2026-08-19 06:17:50.080,"BRITISH COLUMBIA, CANADA",49.3073,-119.2893,11.2,ke,UW,2.9,ml,update,2026-08-19 14:50:15.270,2026-08-19 07:50:24.821
u,2026-08-19 16:25:28.616,20260819_0000187,2047191,EMSC-RTS,2026-08-19 09:32:27.679,2026-08-19 06:31:58.636,SOUTHERN ALASKA,61.689,-150.792,45.4,ke,NEIC,2.7,ml,update,2026-08-19 16:25:28.517,2026-08-19 09:25:37.616
c,2026-08-19 12:52:16.296,20260819_0000205,2047213,EMSC-RTS,2026-08-19 12:52:13.179,2026-08-19 07:01:05.436,NEW MEXICO,32.013,-103.232,6.4,ke,TX,2.3,ml,update,2026-08-19 12:52:16.221,2026-08-19 06:15:45.679
c,2026-08-19 16:36:52.785,20260819_0000488,2047541,EMSC-RTS,2026-08-19 16:36:50.953,2026-08-19 07:25:54.650,"RAT ISLANDS, ALEUTIAN ISLANDS",51.962,176.971,20.0,ke,AK,3.7,ml,create,2026-08-19 16:36:52.762,2026-08-19 09:37:01.447
c,2026-08-19 16:38:19.928,20260819_0000490,2047545,EMSC-RTS,2026-08-19 16:38:17.814,2026-08-19 07:27:40.057,"RAT ISLANDS, ALEUTIAN ISLANDS",51.937,176.876,1.4,ke,AK,3.1,ml,create,2026-08-19 16:38:19.501,2026-08-19 09:38:27.277
u,2026-08-19 14:49:37.844,20260819_0000216,2047224,EMSC-RTS,2026-08-19 14:49:32.329,2026-08-19 07:31:35.950,SOUTHERN CALIFORNIA,33.4063,-116.652,4.7,ke,SCSN,3.5,ml,update,2026-08-19 14:49:37.360,2026-08-19 07:49:46.413
c,2026-08-19 16:15:43.661,20260819_0000478,2047525,EMSC-RTS,2026-08-19 16:15:40.639,2026-08-19 08:22:36.584,"ANDREANOF ISLANDS, ALEUTIAN IS.",51.162,-178.268,18.7,ke,AK,4.1,ml,create,2026-08-19 16:15:43.444,2026-08-19 09:18:15.770
c,2026-08-19 14:36:41.865,20260819_0000426,2047465,EMSC-RTS,2026-08-19 14:36:22.743,2026-08-19 08:57:57.000,"MICHOACAN, MEXICO",18.435,-103.412,51.7,ke,UNM,3.4,m,create,2026-08-19 14:36:41.538,2026-08-19 07:36:55.444
c,2026-08-19 14:36:39.837,20260819_0000425,2047464,EMSC-RTS,2026-08-19 14:36:22.736,2026-08-19 09:16:22.000,"VERACRUZ, MEXICO",17.435,-94.57,136.7,ke,UNM,3.6,m,create,2026-08-19 14:36:39.337,2026-08-19 07:36:55.444
c,2026-08-19 14:36:38.317,20260819_0000424,2047463,EMSC-RTS,2026-08-19 14:36:22.728,2026-08-19 09:17:26.000,"VERACRUZ, MEXICO",17.364,-94.993,128.2,ke,UNM,3.3,m,create,2026-08-19 14:36:37.839,2026-08-19 07:36:49.238
u,2026-08-19 14:36:36.797,20260819_0000275,2047297,EMSC-RTS,2026-08-19 09:43:32.165,2026-08-19 09:30:56.000,"OFFSHORE CHIAPAS, MEXICO",14.52,-92.46,25.0,ke,INET,3.5,m,update,2026-08-19 14:36:36.351,2026-08-19 07:36:49.238
c,2026-08-19 14:36:34.767,20260819_0000423,2047462,EMSC-RTS,2026-08-19 14:36:22.709,2026-08-19 10:00:41.000,OFFSHORE GUATEMALA,14.306,-92.34,47.9,ke,UNM,3.5,m,create,2026-08-19 14:36:34.530,2026-08-19 07:36:49.238
c,2026-08-19 14:36:33.246,20260819_0000422,2047461,EMSC-RTS,2026-08-19 14:36:22.700,2026-08-19 10:10:27.000,"CHIAPAS, MEXICO",16.835,-93.668,156.6,ke,UNM,3.5,m,create,2026-08-19 14:36:33.135,2026-08-19 07:36:49.238
c,2026-08-19 14:36:31.724,20260819_0000421,2047460,EMSC-RTS,2026-08-19 14:36:22.691,2026-08-19 10:14:54.000,"GUERRERO, MEXICO",16.914,-100.008,28.0,ke,UNM,3.2,m,create,2026-08-19 14:36:31.403,2026-08-19 07:36:49.238
c,2026-08-19 13:14:56.491,20260819_0000379,2047414,EMSC-RTS,2026-08-19 13:14:54.694,2026-08-19 10:21:41.000,WESTERN TURKEY,40.0152,27.0393,6.9,ke,AFAD,1.3,ml,create,2026-08-19 13:14:56.237,2026-08-19 06:15:45.679
c,2026-08-19 14:36:30.204,20260819_0000420,2047459,EMSC-RTS,2026-08-19 14:36:22.682,2026-08-19 10:28:35.000,"OFFSHORE CHIAPAS, MEXICO",14.829,-93.375,37.5,ke,UNM,3.7,m,create,2026-08-19 14:36:29.915,2026-08-19 07:36:40.011
c,2026-08-19 14:36:28.684,20260819_0000419,2047458,EMSC-RTS,2026-08-19 14:36:22.673,2026-08-19 10:33:01.000,"OFF COAST OF CHIAPAS, MEXICO",14.014,-93.482,10.0,ke,UNM,4.1,m,create,2026-08-19 14:36:28.374,2026-08-19 07:36:40.011
c,2026-08-19 14:36:27.164,20260819_0000418,2047457,EMSC-RTS,2026-08-19 14:36:22.665,2026-08-19 10:37:30.000,"OFF COAST OF OAXACA, MEXICO",15.276,-94.61,16.0,ke,UNM,3.6,m,create,2026-08-19 14:36:26.887,2026-08-19 07:36:40.011
u,2026-08-19 13:26:40.311,20260819_0000310,2047341,EMSC-RTS,2026-08-19 13:26:38.184,2026-08-19 10:38:31.990,EASTERN TURKEY,38.0803,38.4617,6.9,ke,EMSC,1.9,ml,update,2026-08-19 13:26:39.913,2026-08-19 06:26:46.819
c,2026-08-19 14:36:25.641,20260819_0000417,2047456,EMSC-RTS,2026-08-19 14:36:22.658,2026-08-19 10:39:19.000,"BAJA CALIFORNIA, MEXICO",31.388,-115.431,13.5,ke,UNM,3.0,m,create,2026-08-19 14:36:25.371,2026-08-19 07:36:40.011
c,2026-08-19 12:22:32.156,20260819_0000356,2047390,EMSC-RTS,2026-08-19 12:22:30.918,2026-08-19 10:40:00.000,"CATAMARCA, ARGENTINA",-25.561,-66.753,30.0,ke,NSNA,2.8,m,create,2026-08-19 12:22:32.059,2026-08-19 06:15:45.679
u,2026-08-19 15:00:43.392,20260819_0000306,2047335,EMSC-RTS,2026-08-19 15:00:39.004,2026-08-19 10:44:49.680,ALBANIA,41.01,19.92,14.0,ke,EMSC,3.7,ml,update,2026-08-19 15:00:42.964,2026-08-19 08:00:52.939
c,2026-08-19 14:36:24.120,20260819_0000416,2047455,EMSC-RTS,2026-08-19 14:36:22.649,2026-08-19 10:54:18.000,"BAJA CALIFORNIA, MEXICO",29.616,-114.783,14.3,ke,UNM,3.7,m,create,2026-08-19 14:36:23.862,2026-08-19 07:36:31.983
c,2026-08-19 15:02:00.436,20260819_0000320,2047348,EMSC-RTS,2026-08-19 15:01:58.599,2026-08-19 11:01:37.040,"MINDANAO, PHILIPPINES",5.4263,125.3393,80.0,ke,EMSC,4.8,mb,update,2026-08-19 15:02:00.194,2026-08-19 08:02:08.844
u,2026-08-19 15:02:16.147,20260819_0000341,2047368,EMSC-RTS,2026-08-19 15:02:14.243,2026-08-19 11:43:26.700,NORTHWEST OF RYUKYU ISLANDS,29.0994,128.0311,223.4,ke,EMSC,4.4,mb,update,2026-08-19 15:02:15.838,2026-08-19 06:15:45.679
u,2026-08-19 12:47:11.833,20260819_0000370,2047396,EMSC-RTS,2026-08-19 12:47:09.720,2026-08-19 12:05:03.960,WESTERN TURKEY,40.7778,29.093,14.7,ke,EMSC,1.7,ml,update,2026-08-19 12:47:11.364,2026-08-19 06:15:45.679
c,2026-08-19 12:20:36.551,20260819_0000351,2047385,EMSC-RTS,2026-08-19 12:20:26.178,2026-08-19 12:06:38.470,SPAIN,37.1337,-3.6436,0.0,ke,IGN,2.1,ml,create,2026-08-19 12:20:36.325,2026-08-19 06:15:37.138
c,2026-08-19 16:18:47.713,20260819_0000479,2047526,EMSC-RTS,2026-08-19 16:18:45.349,2026-08-19 12:12:41.182,"RAT ISLANDS, ALEUTIAN ISLANDS",51.393,177.968,28.2,ke,AK,3.7,ml,create,2026-08-19 16:18:47.610,2026-08-19 09:18:59.127
c,2026-08-19 13:13:08.794,20260819_0000378,2047413,EMSC-RTS,2026-08-19 13:13:06.821,2026-08-19 12:13:55.730,"ST. THOMAS, U.S. VIRGIN ISLANDS",18.3662,-64.9135,33.8,ke,PR,3.0,md,create,2026-08-19 13:13:08.389,2026-08-19 06:15:45.679
c,2026-08-19 12:43:23.841,20260819_0000368,2047404,EMSC-RTS,2026-08-19 12:43:22.588,2026-08-19 12:19:13.000,"OFF COAST OF CHIAPAS, MEXICO",15.021,-94.405,22.4,ke,UNM,4.0,m,create,2026-08-19 12:43:23.762,2026-08-19 06:15:45.679
c,2026-08-19 12:21:22.150,20260819_0000352,2047386,EMSC-RTS,2026-08-19 12:21:20.028,2026-08-19 12:19:42.466,SOUTH ISLAND OF NEW ZEALAND,-44.9452,167.5357,82.9,ke,GNS,3.5,m,create,2026-08-19 12:21:21.751,2026-08-19 06:15:45.679
u,2026-08-19 12:35:49.186,20260819_0000358,2047392,EMSC-RTS,2026-08-19 12:35:42.846,2026-08-19 12:24:43.000,"FLORES REGION, INDONESIA",-8.3,120.56,9.0,ke,BMKG,2.6,m,update,2026-08-19 12:35:49.096,2026-08-19 06:15:45.679
u,2026-08-19 12:35:47.647,20260819_0000363,2047398,EMSC-RTS,2026-08-19 12:35:42.838,2026-08-19 12:27:08.000,FLORES SEA,-7.88,120.57,18.0,ke,BMKG,2.6,m,update,2026-08-19 12:35:47.283,2026-08-19 06:15:45.679
c,2026-08-19 12:35:44.102,20260819_0000362,2047397,EMSC-RTS,2026-08-19 12:35:42.821,2026-08-19 12:30:43.000,FLORES SEA,-7.95,120.82,24.0,ke,BMKG,3.7,m,create,2026-08-19 12:35:44.017,2026-08-19 06:15:45.679
c,2026-08-19 12:42:41.271,20260819_0000367,2047403,EMSC-RTS,2026-08-19 12:42:36.909,2026-08-19 12:31:57.000,FLORES SEA,-7.95,120.66,35.0,ke,BMKG,3.3,m,create,2026-08-19 12:42:41.111,2026-08-19 06:15:45.679
c,2026-08-19 12:37:09.732,20260819_0000364,2047400,EMSC-RTS,2026-08-19 12:37:06.998,2026-08-19 12:33:59.020,"ISLAND OF HAWAII, HAWAII",19.349,-155.2447,29.1,ke,HV,2.1,ml,create,2026-08-19 12:37:09.312,2026-08-19 06:15:45.679
c,2026-08-19 12:42:39.744,20260819_0000366,2047402,EMSC-RTS,2026-08-19 12:42:36.901,2026-08-19 12:34:09.000,FLORES SEA,-7.94,120.83,27.0,ke,BMKG,3.9,m,create,2026-08-19 12:42:39.587,2026-08-19 06:15:45.679
c,2026-08-19 12:49:50.386,20260819_0000372,2047407,EMSC-RTS,2026-08-19 12:49:47.281,2026-08-19 12:36:20.000,FLORES SEA,-7.84,120.73,18.0,ke,BMKG,3.0,m,create,2026-08-19 12:49:50.019,2026-08-19 06:15:45.679
c,2026-08-19 12:42:38.728,20260819_0000365,2047401,EMSC-RTS,2026-08-19 12:42:36.892,2026-08-19 12:37:27.000,FLORES SEA,-7.93,120.55,10.0,ke,BMKG,2.5,m,create,2026-08-19 12:42:38.521,2026-08-19 06:15:45.679
c,2026-08-19 12:49:48.862,20260819_0000371,2047406,EMSC-RTS,2026-08-19 12:49:47.272,2026-08-19 12:38:35.000,FLORES SEA,-7.96,120.77,22.0,ke,BMKG,2.9,m,create,2026-08-19 12:49:48.510,2026-08-19 06:15:45.679
c,2026-08-19 12:46:32.317,20260819_0000369,2047405,EMSC-RTS,2026-08-19 12:46:31.105,2026-08-19 12:42:50.000,"ANTOFAGASTA, CHILE",-21.32,-68.83,104.6,ke,CSN,2.5,ml,create,2026-08-19 12:46:32.251,2026-08-19 06:15:45.679
c,2026-08-19 12:56:38.236,20260819_0000373,2047408,EMSC-RTS,2026-08-19 12:56:36.771,2026-08-19 12:52:10.000,"FLORES REGION, INDONESIA",-8.12,120.77,32.0,ke,BMKG,3.2,m,create,2026-08-19 12:56:38.194,2026-08-19 06:15:45.679
c,2026-08-19 12:57:27.386,20260819_0000374,2047409,EMSC-RTS,2026-08-19 12:57:25.367,2026-08-19 12:52:45.000,"COQUIMBO, CHILE",-29.55,-71.33,43.9,ke,CSN,2.6,ml,create,2026-08-19 12:57:27.307,2026-08-19 06:15:45.679
c,2026-08-19 13:07:42.518,20260819_0000377,2047412,EMSC-RTS,2026-08-19 13:07:36.118,2026-08-19 12:56:40.000,FLORES SEA,-7.92,120.55,32.0,ke,BMKG,2.6,m,create,2026-08-19 13:07:42.091,2026-08-19 06:15:45.679
u,2026-08-19 13:07:40.996,20260819_0000376,2047411,EMSC-RTS,2026-08-19 13:07:36.109,2026-08-19 12:57:46.000,"FLORES REGION, INDONESIA",-8.19,120.87,5.0,ke,BMKG,2.7,m,update,2026-08-19 13:07:40.589,2026-08-19 06:15:45.679
c,2026-08-19 13:07:37.444,20260819_0000375,2047410,EMSC-RTS,2026-08-19 13:07:36.092,2026-08-19 13:04:00.000,"FLORES REGION, INDONESIA",-8.07,120.9,33.0,ke,BMKG,3.7,m,create,2026-08-19 13:07:37.305,2026-08-19 06:15:45.679
u,2026-08-19 13:34:14.370,20260819_0000384,2047419,EMSC-RTS,2026-08-19 13:34:12.378,2026-08-19 13:08:18.210,WESTERN TURKEY,40.7805,29.1123,5.8,ke,EMSC,2.3,ml,update,2026-08-19 13:34:13.952,2026-08-19 06:21:56.605
c,2026-08-19 13:21:38.317,20260819_0000383,2047418,EMSC-RTS,2026-08-19 13:21:33.997,2026-08-19 13:11:01.000,"FLORES REGION, INDONESIA",-8.23,120.85,15.0,ke,BMKG,3.2,m,create,2026-08-19 13:21:38.101,2026-08-19 06:21:49.837
c,2026-08-19 13:21:36.796,20260819_0000382,2047417,EMSC-RTS,2026-08-19 13:21:33.989,2026-08-19 13:13:47.000,FLORES SEA,-7.92,120.77,26.0,ke,BMKG,2.8,m,create,2026-08-19 13:21:36.600,2026-08-19 06:21:49.837
c,2026-08-19 13:21:22.096,20260819_0000380,2047415,EMSC-RTS,2026-08-19 13:21:19.240,2026-08-19 13:14:27.215,"OFF E. COAST OF N. ISLAND, N.Z.",-37.0701,178.8268,12.0,ke,GNS,3.4,m,create,2026-08-19 13:21:22.056,2026-08-19 06:21:33.649
c,2026-08-19 13:21:35.274,20260819_0000381,2047416,EMSC-RTS,2026-08-19 13:21:33.979,2026-08-19 13:17:56.000,"FLORES REGION, INDONESIA",-8.22,121.07,8.0,ke,BMKG,3.4,m,create,2026-08-19 13:21:35.111,2026-08-19 06:21:43.625
u,2026-08-19 13:28:42.910,20260819_0000389,2047423,EMSC-RTS,2026-08-19 13:28:35.279,2026-08-19 13:18:39.000,"FLORES REGION, INDONESIA",-8.16,120.46,7.0,ke,BMKG,3.0,m,update,2026-08-19 13:28:42.733,2026-08-19 06:28:53.684
c,2026-08-19 13:28:39.867,20260819_0000388,2047422,EMSC-RTS,2026-08-19 13:28:35.263,2026-08-19 13:20:26.000,"SUNDA STRAIT, INDONESIA",-6.94,105.87,16.0,ke,BMKG,2.6,m,create,2026-08-19 13:28:39.428,2026-08-19 06:28:53.684
c,2026-08-19 13:28:38.347,20260819_0000387,2047421,EMSC-RTS,2026-08-19 13:28:35.256,2026-08-19 13:22:26.000,"FLORES REGION, INDONESIA",-8.33,120.87,13.0,ke,BMKG,2.5,m,create,2026-08-19 13:28:37.872,2026-08-19 06:28:53.684
c,2026-08-19 13:28:36.822,20260819_0000386,2047420,EMSC-RTS,2026-08-19 13:28:35.247,2026-08-19 13:24:21.000,"FLORES REGION, INDONESIA",-8.22,120.67,9.0,ke,BMKG,2.6,m,create,2026-08-19 13:28:36.376,2026-08-19 06:28:45.961
c,2026-08-19 13:35:50.152,20260819_0000392,2047428,EMSC-RTS,2026-08-19 13:35:45.609,2026-08-19 13:27:08.000,"KEPULAUAN SANGIHE, INDONESIA",2.89,125.36,9.0,ke,BMKG,2.7,m,create,2026-08-19 13:35:49.741,2026-08-19 06:36:02.351
c,2026-08-19 13:35:48.632,20260819_0000391,2047427,EMSC-RTS,2026-08-19 13:35:45.601,2026-08-19 13:29:52.000,FLORES SEA,-7.93,121.06,18.0,ke,BMKG,3.2,m,create,2026-08-19 13:35:48.209,2026-08-19 06:36:02.351
c,2026-08-19 13:36:30.686,20260819_0000393,2047429,EMSC-RTS,2026-08-19 13:36:28.839,2026-08-19 13:30:21.000,"SAN JUAN, ARGENTINA",-31.16,-69.9,120.0,ke,NSNA,2.9,m,create,2026-08-19 13:36:30.215,2026-08-19 06:36:39.037
c,2026-08-19 13:35:47.115,20260819_0000390,2047426,EMSC-RTS,2026-08-19 13:35:45.592,2026-08-19 13:32:28.000,"FLORES REGION, INDONESIA",-8.32,121.55,10.0,ke,BMKG,2.9,m,create,2026-08-19 13:35:46.764,2026-08-19 06:35:55.666
c,2026-08-19 13:49:48.821,20260819_0000398,2047435,EMSC-RTS,2026-08-19 13:49:47.219,2026-08-19 13:33:11.000,"BABUYAN ISL REGION, PHILIPPINES",19.62,121.69,9.0,ke,PIVS,3.1,m,create,2026-08-19 13:49:48.470,2026-08-19 06:49:59.651
c,2026-08-19 13:42:36.560,20260819_0000394,2047431,EMSC-RTS,2026-08-19 13:42:35.209,2026-08-19 13:34:07.000,FLORES SEA,-7.9,120.63,46.0,ke,BMKG,2.7,m,create,2026-08-19 13:42:36.401,2026-08-19 06:43:05.222
c,2026-08-19 13:52:28.936,20260819_0000399,2047436,EMSC-RTS,2026-08-19 13:52:26.787,2026-08-19 13:35:32.540,"SICILY, ITALY",38.3813,15.2232,116.2,ke,INGV,2.1,ml,create,2026-08-19 13:52:28.732,2026-08-19 06:52:38.755
c,2026-08-19 13:49:39.706,20260819_0000397,2047434,EMSC-RTS,2026-08-19 13:49:35.509,2026-08-19 13:37:33.000,"FLORES REGION, INDONESIA",-8.06,120.62,5.0,ke,BMKG,2.6,m,create,2026-08-19 13:49:39.627,2026-08-19 06:49:53.051
c,2026-08-19 13:49:38.185,20260819_0000396,2047433,EMSC-RTS,2026-08-19 13:49:35.498,2026-08-19 13:39:39.000,"FLORES REGION, INDONESIA",-8.21,120.97,14.0,ke,BMKG,2.7,m,create,2026-08-19 13:49:38.063,2026-08-19 06:49:53.051
c,2026-08-19 14:10:55.603,20260819_0000405,2047444,EMSC-RTS,2026-08-19 14:10:53.712,2026-08-19 13:42:38.000,TURKEY-SYRIA BORDER REGION,36.3933,36.9378,9.3,ke,AFAD,1.9,ml,create,2026-08-19 14:10:55.596,2026-08-19 07:11:04.168
c,2026-08-19 13:49:36.666,20260819_0000395,2047432,EMSC-RTS,2026-08-19 13:49:35.488,2026-08-19 13:46:12.000,FLORES SEA,-7.85,120.52,27.0,ke,BMKG,2.8,m,create,2026-08-19 13:49:36.621,2026-08-19 06:49:46.176
c,2026-08-19 13:56:54.468,20260819_0000400,2047437,EMSC-RTS,2026-08-19 13:56:53.297,2026-08-19 13:51:52.000,"FLORES REGION, INDONESIA",-8.27,121.41,4.0,ke,BMKG,2.6,m,create,2026-08-19 13:56:54.423,2026-08-19 06:57:03.783
c,2026-08-19 14:00:55.617,20260819_0000402,2047440,EMSC-RTS,2026-08-19 14:00:52.818,2026-08-19 13:54:59.000,"NEAR N COAST OF PAPUA, INDONESIA",-2.22,140.88,10.0,ke,BMKG,2.6,m,create,2026-08-19 14:00:55.384,2026-08-19 07:01:09.124
c,2026-08-19 14:00:54.097,20260819_0000401,2047439,EMSC-RTS,2026-08-19 14:00:52.809,2026-08-19 13:56:02.000,FLORES SEA,-7.95,120.61,7.0,ke,BMKG,2.6,m,create,2026-08-19 14:00:53.902,2026-08-19 07:01:02.941
c,2026-08-19 14:07:35.932,20260819_0000403,2047442,EMSC-RTS,2026-08-19 14:07:34.377,2026-08-19 13:57:58.000,"FLORES REGION, INDONESIA",-8.09,120.18,15.0,ke,BMKG,2.7,m,create,2026-08-19 14:07:35.606,2026-08-19 07:07:45.028
c,2026-08-19 14:14:36.529,20260819_0000406,2047445,EMSC-RTS,2026-08-19 14:14:35.243,2026-08-19 14:01:43.000,FLORES SEA,-7.93,120.76,23.0,ke,BMKG,2.8,m,create,2026-08-19 14:14:36.394,2026-08-19 07:14:57.866
u,2026-08-19 14:12:15.170,20260819_0000404,2047443,EMSC-RTS,2026-08-19 14:12:12.890,2026-08-19 14:03:30.470,WESTERN TURKEY,40.7723,29.0937,0.1,ke,EMSC,2.5,ml,update,2026-08-19 14:12:14.783,2026-08-19 07:10:57.464
c,2026-08-19 15:08:55.934,20260819_0000443,2047484,EMSC-RTS,2026-08-19 15:08:53.863,2026-08-19 14:04:37.890,VIRGIN ISLANDS REGION,18.6988,-64.6677,53.8,ke,PR,3.2,md,create,2026-08-19 15:08:55.921,2026-08-19 08:09:04.378
u,2026-08-19 14:19:17.778,20260819_0000407,2047446,EMSC-RTS,2026-08-19 14:19:15.766,2026-08-19 14:09:19.340,EASTERN TURKEY,38.3075,40.32,6.8,ke,EMSC,2.8,ml,update,2026-08-19 14:19:17.282,2026-08-19 07:16:35.973
c,2026-08-19 14:21:46.282,20260819_0000411,2047450,EMSC-RTS,2026-08-19 14:21:39.880,2026-08-19 14:10:52.000,"FLORES REGION, INDONESIA",-8.53,121.37,27.0,ke,BMKG,3.0,m,create,2026-08-19 14:21:45.909,2026-08-19 07:21:56.981
c,2026-08-19 14:21:44.761,20260819_0000410,2047449,EMSC-RTS,2026-08-19 14:21:39.873,2026-08-19 14:13:50.000,FLORES SEA,-7.83,120.66,3.0,ke,BMKG,3.5,m,create,2026-08-19 14:21:44.362,2026-08-19 07:21:56.981
u,2026-08-19 14:21:43.238,20260819_0000409,2047448,EMSC-RTS,2026-08-19 14:21:39.865,2026-08-19 14:15:14.000,"FLORES REGION, INDONESIA",-8.01,120.77,24.0,ke,BMKG,3.5,m,update,2026-08-19 14:21:42.864,2026-08-19 07:21:50.304
u,2026-08-19 15:26:19.290,20260819_0000408,2047447,EMSC-RTS,2026-08-19 15:26:15.264,2026-08-19 14:16:23.420,SOUTHERN CALIFORNIA,33.468,-116.5735,10.5,ke,SCSN,2.2,ml,update,2026-08-19 15:26:18.950,2026-08-19 07:18:43.032
c,2026-08-19 14:28:50.512,20260819_0000413,2047452,EMSC-RTS,2026-08-19 14:28:49.081,2026-08-19 14:23:04.000,"FLORES REGION, INDONESIA",-8.43,121.57,13.0,ke,BMKG,2.6,m,create,2026-08-19 14:28:50.183,2026-08-19 07:29:02.002
c,2026-08-19 14:35:40.503,20260819_0000415,2047454,EMSC-RTS,2026-08-19 14:35:37.265,2026-08-19 14:24:28.000,"FLORES REGION, INDONESIA",-8.21,120.62,6.0,ke,BMKG,2.6,m,create,2026-08-19 14:35:39.920,2026-08-19 07:35:56.312
c,2026-08-19 14:35:38.475,20260819_0000414,2047453,EMSC-RTS,2026-08-19 14:35:37.256,2026-08-19 14:26:04.000,"FLORES REGION, INDONESIA",-8.11,120.6,6.0,ke,BMKG,3.8,m,create,2026-08-19 14:35:38.390,2026-08-19 07:35:49.227
c,2026-08-19 15:22:54.550,20260819_0000452,2047494,EMSC-RTS,2026-08-19 15:22:52.651,2026-08-19 14:28:10.330,SPAIN,37.1391,-3.6254,2.9,ke,IGN,1.5,ml,create,2026-08-19 15:22:54.225,2026-08-19 08:23:28.249
c,2026-08-19 14:47:49.359,20260819_0000431,2047470,EMSC-RTS,2026-08-19 14:47:47.020,2026-08-19 14:32:22.495,BANDA SEA,-5.1696,125.5363,538.1,ke,NEIC,4.9,mb,create,2026-08-19 14:47:48.910,2026-08-19 07:47:57.486
c,2026-08-19 14:42:39.093,20260819_0000429,2047467,EMSC-RTS,2026-08-19 14:42:36.397,2026-08-19 14:33:18.000,"FLORES REGION, INDONESIA",-8.15,120.59,5.0,ke,BMKG,3.8,m,create,2026-08-19 14:42:38.964,2026-08-19 07:42:56.966
u,2026-08-19 15:28:25.302,20260819_0000430,2047469,EMSC-RTS,2026-08-19 15:28:23.130,2026-08-19 14:33:44.530,WESTERN TURKEY,40.7852,29.086,7.0,ke,EMSC,2.3,ml,update,2026-08-19 15:28:24.862,2026-08-19 07:47:38.475
c,2026-08-19 14:42:37.571,20260819_0000428,2047466,EMSC-RTS,2026-08-19 14:42:36.388,2026-08-19 14:36:15.000,FLORES SEA,-7.97,121.03,20.0,ke,BMKG,3.1,m,create,2026-08-19 14:42:37.488,2026-08-19 07:42:48.966
c,2026-08-19 14:49:45.453,20260819_0000434,2047473,EMSC-RTS,2026-08-19 14:49:41.259,2026-08-19 14:38:09.000,"FLORES REGION, INDONESIA",-8.13,120.58,6.0,ke,BMKG,2.8,m,create,2026-08-19 14:49:45.443,2026-08-19 07:49:53.573
u,2026-08-19 15:22:36.307,20260819_0000436,2047475,EMSC-RTS,2026-08-19 15:22:34.453,2026-08-19 14:43:46.530,WESTERN TURKEY,40.7707,29.0853,7.0,ke,EMSC,3.2,ml,update,2026-08-19 15:22:36.156,2026-08-19 07:53:37.151
c,2026-08-19 14:49:43.927,20260819_0000433,2047472,EMSC-RTS,2026-08-19 14:49:41.248,2026-08-19 14:44:05.000,"FLORES REGION, INDONESIA",-8.17,120.36,8.0,ke,BMKG,2.9,m,create,2026-08-19 14:49:43.913,2026-08-19 07:49:53.573
u,2026-08-19 14:56:55.265,20260819_0000432,2047471,EMSC-RTS,2026-08-19 14:56:50.334,2026-08-19 14:46:17.000,"SUMBAWA REGION, INDONESIA",-8.48,117.14,15.0,ke,BMKG,3.0,m,update,2026-08-19 14:56:54.844,2026-08-19 07:49:53.573
c,2026-08-19 14:56:53.239,20260819_0000438,2047477,EMSC-RTS,2026-08-19 14:56:50.325,2026-08-19 14:47:17.000,"FLORES REGION, INDONESIA",-8.09,120.59,10.0,ke,BMKG,4.0,m,create,2026-08-19 14:56:53.059,2026-08-19 07:57:07.214
c,2026-08-19 14:52:13.506,20260819_0000435,2047474,EMSC-RTS,2026-08-19 14:52:11.929,2026-08-19 14:48:26.840,"HAWAII REGION, HAWAII",20.0147,-155.4323,44.2,ke,HV,2.0,md,create,2026-08-19 14:52:13.494,2026-08-19 07:52:22.104
c,2026-08-19 14:56:51.717,20260819_0000437,2047476,EMSC-RTS,2026-08-19 14:56:50.315,2026-08-19 14:48:28.000,"FLORES REGION, INDONESIA",-8.16,120.51,5.0,ke,BMKG,3.1,m,create,2026-08-19 14:56:51.490,2026-08-19 07:57:00.445
c,2026-08-19 15:00:41.366,20260819_0000441,2047481,EMSC-RTS,2026-08-19 15:00:36.706,2026-08-19 14:52:52.000,FLORES SEA,-7.98,120.73,14.0,ke,BMKG,3.1,m,create,2026-08-19 15:00:40.882,2026-08-19 08:00:52.939
c,2026-08-19 15:00:39.846,20260819_0000440,2047480,EMSC-RTS,2026-08-19 15:00:36.699,2026-08-19 14:54:29.000,"FLORES REGION, INDONESIA",-8.14,120.58,5.0,ke,BMKG,3.8,m,create,2026-08-19 15:00:39.715,2026-08-19 08:00:52.939
c,2026-08-19 15:09:39.513,20260819_0000444,2047485,EMSC-RTS,2026-08-19 15:09:37.458,2026-08-19 14:55:34.140,SPAIN,37.1229,-3.6427,0.2,ke,IGN,2.1,ml,create,2026-08-19 15:09:39.383,2026-08-19 08:09:47.136
c,2026-08-19 15:00:37.816,20260819_0000439,2047479,EMSC-RTS,2026-08-19 15:00:36.690,2026-08-19 14:55:43.000,"FLORES REGION, INDONESIA",-8.25,120.28,5.0,ke,BMKG,2.9,m,create,2026-08-19 15:00:37.753,2026-08-19 08:00:45.388
u,2026-08-19 15:07:41.462,20260819_0000442,2047483,EMSC-RTS,2026-08-19 15:07:38.290,2026-08-19 15:01:29.000,FLORES SEA,-7.89,120.51,24.0,ke,BMKG,2.7,m,update,2026-08-19 15:07:41.210,2026-08-19 08:07:48.799
c,2026-08-19 15:13:05.228,20260819_0000445,2047486,EMSC-RTS,2026-08-19 15:13:03.772,2026-08-19 15:03:56.000,"TARAPACA, CHILE",-20.68,-69.14,102.7,ke,CSN,2.5,ml,create,2026-08-19 15:13:04.975,2026-08-19 08:13:14.203
c,2026-08-19 15:14:56.189,20260819_0000447,2047489,EMSC-RTS,2026-08-19 15:14:53.472,2026-08-19 15:05:48.000,FLORES SEA,-7.94,120.81,18.0,ke,BMKG,2.6,m,create,2026-08-19 15:14:56.140,2026-08-19 08:15:09.548
c,2026-08-19 15:14:55.175,20260819_0000446,2047488,EMSC-RTS,2026-08-19 15:14:53.463,2026-08-19 15:07:58.000,"FLORES REGION, INDONESIA",-8.58,120.95,26.0,ke,BMKG,2.9,m,create,2026-08-19 15:14:54.670,2026-08-19 08:15:03.703
c,2026-08-19 15:15:48.878,20260819_0000448,2047490,EMSC-RTS,2026-08-19 15:15:47.379,2026-08-19 15:11:01.000,NEAR COAST OF NICARAGUA,11.23,-86.75,26.0,ke,INET,3.3,m,create,2026-08-19 15:15:48.536,2026-08-19 08:15:56.781
c,2026-08-19 15:21:49.140,20260819_0000450,2047492,EMSC-RTS,2026-08-19 15:21:47.180,2026-08-19 15:12:46.290,RUSSIA-MONGOLIA BORDER REGION,51.1456,100.1742,0.0,ke,IAG,3.7,m,create,2026-08-19 15:21:49.005,2026-08-19 08:21:57.116
c,2026-08-19 15:21:56.735,20260819_0000451,2047493,EMSC-RTS,2026-08-19 15:21:55.463,2026-08-19 15:13:38.000,"FLORES REGION, INDONESIA",-8.09,121.17,5.0,ke,BMKG,2.5,m,create,2026-08-19 15:21:56.614,2026-08-19 08:22:03.851
u,2026-08-19 15:37:12.315,20260819_0000449,2047491,EMSC-RTS,2026-08-19 15:37:10.289,2026-08-19 15:13:47.320,WESTERN TURKEY,40.782,29.095,7.0,ke,EMSC,2.3,ml,update,2026-08-19 15:37:11.838,2026-08-19 08:21:12.841
c,2026-08-19 15:28:51.646,20260819_0000454,2047496,EMSC-RTS,2026-08-19 15:28:48.816,2026-08-19 15:19:45.000,"FLORES REGION, INDONESIA",-8.28,120.56,10.0,ke,BMKG,4.3,m,create,2026-08-19 15:28:51.399,2026-08-19 08:29:04.292
c,2026-08-19 15:28:50.125,20260819_0000453,2047495,EMSC-RTS,2026-08-19 15:28:48.806,2026-08-19 15:21:38.000,"FLORES REGION, INDONESIA",-8.43,120.41,11.0,ke,BMKG,3.5,m,create,2026-08-19 15:28:49.902,2026-08-19 08:28:58.181
c,2026-08-19 15:35:58.829,20260819_0000456,2047499,EMSC-RTS,2026-08-19 15:35:56.217,2026-08-19 15:25:55.000,"FLORES REGION, INDONESIA",-8.31,121.24,18.0,ke,BMKG,3.2,m,create,2026-08-19 15:35:58.822,2026-08-19 08:36:11.729
c,2026-08-19 15:35:57.813,20260819_0000455,2047498,EMSC-RTS,2026-08-19 15:35:56.208,2026-08-19 15:28:33.000,"FLORES REGION, INDONESIA",-8.21,120.51,11.0,ke,BMKG,3.3,m,create,2026-08-19 15:35:57.347,2026-08-19 08:36:06.283
c,2026-08-19 16:10:28.987,20260819_0000474,2047520,EMSC-RTS,2026-08-19 16:10:27.121,2026-08-19 15:29:55.840,SPAIN,37.1332,-3.6154,2.5,ke,IGN,1.6,ml,create,2026-08-19 16:10:28.673,2026-08-19 09:10:36.643
c,2026-08-19 15:42:52.869,20260819_0000458,2047502,EMSC-RTS,2026-08-19 15:42:50.184,2026-08-19 15:33:38.000,"FLORES REGION, INDONESIA",-8.32,121.38,10.0,ke,BMKG,2.6,m,create,2026-08-19 15:42:52.757,2026-08-19 08:43:06.627
c,2026-08-19 15:42:51.347,20260819_0000457,2047501,EMSC-RTS,2026-08-19 15:42:50.174,2026-08-19 15:35:43.000,"FLORES REGION, INDONESIA",-8.05,120.52,12.0,ke,BMKG,3.0,m,create,2026-08-19 15:42:51.289,2026-08-19 08:43:00.948
c,2026-08-19 15:49:58.585,20260819_0000461,2047505,EMSC-RTS,2026-08-19 15:49:57.143,2026-08-19 15:38:42.000,"BABUYAN ISL REGION, PHILIPPINES",19.59,121.72,9.0,ke,PIVS,3.2,m,create,2026-08-19 15:49:58.265,2026-08-19 08:50:06.516
c,2026-08-19 15:49:47.440,20260819_0000460,2047504,EMSC-RTS,2026-08-19 15:49:44.426,2026-08-19 15:41:41.000,"KEPULAUAN SANGIHE, INDONESIA",2.91,125.03,5.0,ke,BMKG,3.3,m,create,2026-08-19 15:49:47.000,2026-08-19 08:50:00.310
c,2026-08-19 15:49:45.920,20260819_0000459,2047503,EMSC-RTS,2026-08-19 15:49:44.417,2026-08-19 15:43:50.000,"FLORES REGION, INDONESIA",-8.31,120.29,20.0,ke,BMKG,2.6,m,create,2026-08-19 15:49:45.522,2026-08-19 08:49:54.794
c,2026-08-19 15:56:52.555,20260819_0000466,2047512,EMSC-RTS,2026-08-19 15:56:46.775,2026-08-19 15:46:33.000,"FLORES REGION, INDONESIA",-8.6,120.94,42.0,ke,BMKG,2.5,m,create,2026-08-19 15:56:52.375,2026-08-19 08:57:02.676
c,2026-08-19 15:58:58.779,20260819_0000467,2047513,EMSC-RTS,2026-08-19 15:58:57.279,2026-08-19 15:46:39.000,"COQUIMBO, CHILE",-29.37,-71.16,47.6,ke,CSN,2.6,ml,create,2026-08-19 15:58:58.655,2026-08-19 08:59:07.575
c,2026-08-19 15:56:51.036,20260819_0000465,2047511,EMSC-RTS,2026-08-19 15:56:46.767,2026-08-19 15:47:57.000,FLORES SEA,-7.79,120.33,7.0,ke,BMKG,2.7,m,create,2026-08-19 15:56:50.824,2026-08-19 08:57:02.676
c,2026-08-19 15:56:49.516,20260819_0000464,2047510,EMSC-RTS,2026-08-19 15:56:46.759,2026-08-19 15:49:06.000,"FLORES REGION, INDONESIA",-8.3,121.33,7.0,ke,BMKG,3.4,m,create,2026-08-19 15:56:49.310,2026-08-19 08:57:02.676
c,2026-08-19 15:56:47.998,20260819_0000463,2047509,EMSC-RTS,2026-08-19 15:56:46.750,2026-08-19 15:52:31.000,"FLORES REGION, INDONESIA",-8.18,120.59,10.0,ke,BMKG,3.9,m,create,2026-08-19 15:56:47.827,2026-08-19 08:56:55.737
c,2026-08-19 16:00:37.606,20260819_0000469,2047515,EMSC-RTS,2026-08-19 16:00:36.199,2026-08-19 15:53:53.000,FLORES SEA,-7.8,120.41,27.0,ke,BMKG,3.6,m,create,2026-08-19 16:00:37.276,2026-08-19 09:00:46.057
c,2026-08-19 16:00:21.895,20260819_0000468,2047514,EMSC-RTS,2026-08-19 16:00:19.913,2026-08-19 15:55:30.000,"HOKKAIDO, JAPAN REGION",41.9,143.1,40.0,ke,JMA,3.5,m,create,2026-08-19 16:00:21.529,2026-08-19 09:00:30.557
c,2026-08-19 16:07:40.760,20260819_0000473,2047519,EMSC-RTS,2026-08-19 16:07:33.487,2026-08-19 15:56:04.000,"FLORES REGION, INDONESIA",-8.22,120.57,6.0,ke,BMKG,2.7,m,create,2026-08-19 16:07:40.355,2026-08-19 09:08:24.417
u,2026-08-19 16:10:08.213,20260819_0000470,2047516,EMSC-RTS,2026-08-19 16:10:06.580,2026-08-19 15:56:08.320,WESTERN TURKEY,40.4303,28.8147,7.0,ke,EMSC,1.8,ml,update,2026-08-19 16:10:08.103,2026-08-19 09:06:08.775
u,2026-08-19 16:07:40.760,20260819_0000472,2047518,EMSC-RTS,2026-08-19 16:07:33.479,2026-08-19 16:01:16.000,"FLORES REGION, INDONESIA",-8.26,120.49,17.0,ke,BMKG,2.5,m,update,2026-08-19 16:07:40.332,2026-08-19 09:08:24.417
c,2026-08-19 16:07:34.676,20260819_0000471,2047517,EMSC-RTS,2026-08-19 16:07:33.463,2026-08-19 16:03:39.000,"FLORES REGION, INDONESIA",-8.13,120.58,10.0,ke,BMKG,3.6,m,create,2026-08-19 16:07:34.504,2026-08-19 09:08:09.221
c,2026-08-19 16:14:40.838,20260819_0000477,2047523,EMSC-RTS,2026-08-19 16:14:38.228,2026-08-19 16:04:41.000,"FLORES REGION, INDONESIA",-8.41,121.56,10.0,ke,BMKG,2.5,m,create,2026-08-19 16:14:40.814,2026-08-19 09:14:53.472
c,2026-08-19 16:14:39.318,20260819_0000476,2047522,EMSC-RTS,2026-08-19 16:14:38.219,2026-08-19 16:08:48.000,"FLORES REGION, INDONESIA",-8.41,121.32,14.0,ke,BMKG,2.7,m,create,2026-08-19 16:14:39.313,2026-08-19 09:14:47.561
c,2026-08-19 16:21:35.532,20260819_0000481,2047529,EMSC-RTS,2026-08-19 16:21:32.666,2026-08-19 16:12:36.000,"JAVA, INDONESIA",-8.71,110.2,99.0,ke,BMKG,2.7,m,create,2026-08-19 16:21:35.265,2026-08-19 09:21:51.023
c,2026-08-19 16:21:34.011,20260819_0000480,2047528,EMSC-RTS,2026-08-19 16:21:32.656,2026-08-19 16:14:06.000,"FLORES REGION, INDONESIA",-8.11,120.6,5.0,ke,BMKG,2.6,m,create,2026-08-19 16:21:33.768,2026-08-19 09:21:43.698
u,2026-08-19 16:34:42.551,20260819_0000483,2047532,EMSC-RTS,2026-08-19 16:34:40.645,2026-08-19 16:17:26.800,WESTERN TURKEY,40.7717,29.0817,7.0,ke,EMSC,2.7,ml,update,2026-08-19 16:34:42.232,2026-08-19 09:24:56.094
c,2026-08-19 16:38:08.279,20260819_0000489,2047544,EMSC-RTS,2026-08-19 16:38:06.111,2026-08-19 16:19:25.000,WESTERN TURKEY,40.7788,29.0958,7.3,ke,AFAD,1.5,ml,create,2026-08-19 16:38:07.775,2026-08-19 09:38:16.603
u,2026-08-19 16:41:08.668,20260819_0000491,2047537,EMSC-RTS,2026-08-19 16:41:06.770,2026-08-19 16:21:54.480,WESTERN TURKEY,40.7807,29.0957,15.5,ke,EMSC,1.8,ml,update,2026-08-19 16:41:08.200,2026-08-19 09:41:05.826
c,2026-08-19 16:28:37.084,20260819_0000484,2047534,EMSC-RTS,2026-08-19 16:28:35.570,2026-08-19 16:22:25.000,"FLORES REGION, INDONESIA",-8.16,120.54,5.0,ke,BMKG,3.9,m,create,2026-08-19 16:28:36.688,2026-08-19 09:28:45.864
c,2026-08-19 16:35:51.972,20260819_0000487,2047540,EMSC-RTS,2026-08-19 16:35:47.697,2026-08-19 16:24:52.000,"FLORES REGION, INDONESIA",-8.2,120.69,15.0,ke,BMKG,3.9,m,create,2026-08-19 16:35:51.737,2026-08-19 09:36:17.558
c,2026-08-19 16:35:50.453,20260819_0000486,2047539,EMSC-RTS,2026-08-19 16:35:47.687,2026-08-19 16:27:44.000,"FLORES REGION, INDONESIA",-8.23,120.55,10.0,ke,BMKG,3.8,m,create,2026-08-19 16:35:50.291,2026-08-19 09:36:17.558
c,2026-08-19 16:35:48.934,20260819_0000485,2047538,EMSC-RTS,2026-08-19 16:35:47.677,2026-08-19 16:29:01.000,"FLORES REGION, INDONESIA",-8.21,120.56,5.0,ke,BMKG,3.3,m,create,2026-08-19 16:35:48.745,2026-08-19 09:36:01.445
c,2026-08-19 16:42:41.900,20260819_0000494,2047551,EMSC-RTS,2026-08-19 16:42:37.732,2026-08-19 16:34:45.000,"FLORES REGION, INDONESIA",-8.28,120.55,12.0,ke,BMKG,4.1,m,create,2026-08-19 16:42:41.792,2026-08-19 09:43:06.226
c,2026-08-19 16:42:40.381,20260819_0000493,2047550,EMSC-RTS,2026-08-19 16:42:37.724,2026-08-19 16:36:19.000,"FLORES REGION, INDONESIA",-8.21,120.47,10.0,ke,BMKG,4.3,m,create,2026-08-19 16:42:40.311,2026-08-19 09:43:06.226
c,2026-08-19 16:42:38.858,20260819_0000492,2047549,EMSC-RTS,2026-08-19 16:42:37.714,2026-08-19 16:38:06.000,"FLORES REGION, INDONESIA",-8.2,120.3,5.0,ke,BMKG,3.2,m,create,2026-08-19 16:42:38.784,2026-08-19 09:42:56.297
c,2026-08-19 17:56:44.314,20260819_0000532,2047616,EMSC-RTS,2026-08-19 17:56:36.177,2026-08-19 17:47:35.000,"FLORES REGION, INDONESIA",-8.28,121.55,6.0,ke,BMKG,3.4,m,create,2026-08-19 17:56:43.880,2026-08-19 11:12:25.132
c,2026-08-19 17:56:44.313,20260819_0000531,2047615,EMSC-RTS,2026-08-19 17:56:36.162,2026-08-19 17:49:24.000,"FLORES REGION, INDONESIA",-8.22,120.51,10.0,ke,BMKG,3.1,m,create,2026-08-19 17:56:43.876,2026-08-19 11:12:25.132
